{
  "results": [
    {
      "command": "codon run --release benchmarks/fibonacci_sequence/codon_iteration.codon",
      "mean": 0.6309481404300002,
      "stddev": 0.014928892001472753,
      "median": 0.62690328916,
      "user": 0.5868358200000002,
      "system": 0.03997064,
      "min": 0.61185868566,
      "max": 0.67718772666,
      "times": [
        0.61925364366,
        0.62391197666,
        0.61634056066,
        0.61515347666,
        0.61307660166,
        0.61937189366,
        0.61459230966,
        0.61555547666,
        0.64780710166,
        0.63974285166,
        0.62563847666,
        0.64003910166,
        0.63849901866,
        0.61469193566,
        0.6309244766600001,
        0.6169966436600001,
        0.62845410166,
        0.61185868566,
        0.61956056066,
        0.62659676866,
        0.61750014266,
        0.61577926766,
        0.61489993466,
        0.62207193466,
        0.64749097666,
        0.63514464366,
        0.62609139366,
        0.6712134766600001,
        0.6565439766600001,
        0.62586685166,
        0.61617172666,
        0.61973851766,
        0.61771347666,
        0.64691614366,
        0.65333080966,
        0.6545263516600001,
        0.65038385166,
        0.6649436426600001,
        0.62775947666,
        0.63494535166,
        0.62822614266,
        0.62344718466,
        0.61898105966,
        0.62474447666,
        0.63356110166,
        0.6291789346600001,
        0.61509205966,
        0.6172451426600001,
        0.61881551766,
        0.6184811436600001,
        0.61674093466,
        0.64122318566,
        0.67718772666,
        0.66709564266,
        0.64304851766,
        0.64722389266,
        0.66171964366,
        0.6297231856600001,
        0.64549776766,
        0.62938880966,
        0.64473472666,
        0.64589051866,
        0.63909885166,
        0.64135581066,
        0.62272343566,
        0.62418843566,
        0.6207245596600001,
        0.62805822666,
        0.63401385166,
        0.62684572666,
        0.61469710166,
        0.61728268566,
        0.62916472666,
        0.62435997666,
        0.6202945186600001,
        0.64340576766,
        0.61944101866,
        0.6232021856600001,
        0.63378830966,
        0.62700185166,
        0.61801797666,
        0.6468413106600001,
        0.64850505966,
        0.6544906016600001,
        0.67357601866,
        0.63625851866,
        0.62696085166,
        0.6352375596600001,
        0.6179025596600001,
        0.62550643466,
        0.62227168566,
        0.63116326866,
        0.6262606016600001,
        0.61477301866,
        0.62707810166,
        0.62848943566,
        0.63428285166,
        0.62225631066,
        0.62124247666,
        0.61970743466
      ],
      "exit_codes": [
        0,
        0,
        0,
        0,
        0,
        0,
        0,
        0,
        0,
        0,
        0,
        0,
        0,
        0,
        0,
        0,
        0,
        0,
        0,
        0,
        0,
        0,
        0,
        0,
        0,
        0,
        0,
        0,
        0,
        0,
        0,
        0,
        0,
        0,
        0,
        0,
        0,
        0,
        0,
        0,
        0,
        0,
        0,
        0,
        0,
        0,
        0,
        0,
        0,
        0,
        0,
        0,
        0,
        0,
        0,
        0,
        0,
        0,
        0,
        0,
        0,
        0,
        0,
        0,
        0,
        0,
        0,
        0,
        0,
        0,
        0,
        0,
        0,
        0,
        0,
        0,
        0,
        0,
        0,
        0,
        0,
        0,
        0,
        0,
        0,
        0,
        0,
        0,
        0,
        0,
        0,
        0,
        0,
        0,
        0,
        0,
        0,
        0,
        0,
        0
      ]
    }
  ]
}
