{
  "results": [
    {
      "command": "./benchmarks/fibonacci_sequence/codon_iteration",
      "mean": 0.002732689569999998,
      "stddev": 0.001145467291212869,
      "median": 0.0025559769799999993,
      "user": 0.0014659600000000003,
      "system": 0.0010614800000000003,
      "min": 0.0020366009799999986,
      "max": 0.01323630998,
      "times": [
        0.0023526429799999994,
        0.00396901798,
        0.0028437269799999995,
        0.002424101979999999,
        0.0025809759799999992,
        0.002438767979999999,
        0.0025284759799999988,
        0.0025736429799999992,
        0.002604601979999999,
        0.0025724349799999993,
        0.002567934979999999,
        0.002300809979999999,
        0.003628226979999999,
        0.0032751849799999995,
        0.002644517979999999,
        0.002111434979999999,
        0.002596434979999999,
        0.002628101979999999,
        0.0034023509799999993,
        0.0027021019799999993,
        0.002926517979999999,
        0.0028670179799999995,
        0.0026925179799999993,
        0.002348643979999999,
        0.003073434979999999,
        0.002689476979999999,
        0.002206393979999999,
        0.0027849349799999993,
        0.0022821849799999987,
        0.002059892979999999,
        0.0020366009799999986,
        0.0024420179799999994,
        0.0025677679799999994,
        0.002325267979999999,
        0.0024216849799999995,
        0.002472892979999999,
        0.002800851979999999,
        0.0029641429799999995,
        0.002810768979999999,
        0.0024825599799999988,
        0.0025853519799999987,
        0.0024341019799999993,
        0.002552851979999999,
        0.0025591019799999994,
        0.0025892679799999993,
        0.003853893979999999,
        0.01323630998,
        0.002917517979999999,
        0.0036292269799999993,
        0.0026422679799999993,
        0.002120517979999999,
        0.002280559979999999,
        0.0021582689799999988,
        0.0020868099799999994,
        0.002920351979999999,
        0.0029914349799999994,
        0.002575684979999999,
        0.002377018979999999,
        0.002421517979999999,
        0.002399351979999999,
        0.0035468519799999993,
        0.0025106019799999994,
        0.002180934979999999,
        0.0036842269799999988,
        0.002711059979999999,
        0.002802684979999999,
        0.002689642979999999,
        0.002573476979999999,
        0.002924268979999999,
        0.0027318519799999987,
        0.002230309979999999,
        0.002198767979999999,
        0.0024342679799999995,
        0.0024795179799999988,
        0.0024856009799999993,
        0.002357809979999999,
        0.002357184979999999,
        0.0022925599799999987,
        0.0024615189799999993,
        0.00428980998,
        0.0035293939799999987,
        0.002281350979999999,
        0.002267684979999999,
        0.0022301009799999987,
        0.0023731439799999994,
        0.0021175179799999993,
        0.002205184979999999,
        0.002600142979999999,
        0.0023393509799999987,
        0.0024992269799999993,
        0.002588475979999999,
        0.0022772269799999994,
        0.0031636429799999995,
        0.002801351979999999,
        0.0024326019799999995,
        0.0022836849799999994,
        0.002640893979999999,
        0.002444559979999999,
        0.002405101979999999,
        0.002512892979999999
      ],
      "exit_codes": [
        0,
        0,
        0,
        0,
        0,
        0,
        0,
        0,
        0,
        0,
        0,
        0,
        0,
        0,
        0,
        0,
        0,
        0,
        0,
        0,
        0,
        0,
        0,
        0,
        0,
        0,
        0,
        0,
        0,
        0,
        0,
        0,
        0,
        0,
        0,
        0,
        0,
        0,
        0,
        0,
        0,
        0,
        0,
        0,
        0,
        0,
        0,
        0,
        0,
        0,
        0,
        0,
        0,
        0,
        0,
        0,
        0,
        0,
        0,
        0,
        0,
        0,
        0,
        0,
        0,
        0,
        0,
        0,
        0,
        0,
        0,
        0,
        0,
        0,
        0,
        0,
        0,
        0,
        0,
        0,
        0,
        0,
        0,
        0,
        0,
        0,
        0,
        0,
        0,
        0,
        0,
        0,
        0,
        0,
        0,
        0,
        0,
        0,
        0,
        0
      ]
    }
  ]
}
