{
  "results": [
    {
      "command": "./benchmarks/fibonacci_sequence/mojo_iteration",
      "mean": 0.0009346032800000005,
      "stddev": 0.00046886385900119285,
      "median": 0.0007956436600000006,
      "user": 0.0004097899999999997,
      "system": 0.00024777000000000024,
      "min": 0.0005527266600000007,
      "max": 0.0045228516600000004,
      "times": [
        0.001460601660000001,
        0.0012578936600000008,
        0.0009571016600000005,
        0.0010790596600000007,
        0.0017466846600000005,
        0.0007883936600000005,
        0.000916767660000001,
        0.0009244346600000004,
        0.0009168096600000006,
        0.0009138096600000011,
        0.0007785186600000006,
        0.0008284766600000007,
        0.0008501846600000008,
        0.0009388106600000004,
        0.0007756016600000007,
        0.0012288096600000004,
        0.0007881846600000008,
        0.0007123516600000008,
        0.0008101436600000005,
        0.0007978936600000004,
        0.0015693106600000004,
        0.0007443516600000007,
        0.0007907686600000007,
        0.0008214766600000006,
        0.0006970186600000006,
        0.0007024346600000004,
        0.0006959346600000004,
        0.0008681426600000005,
        0.0009134766600000007,
        0.0009061436600000007,
        0.0008522266600000006,
        0.0008668936600000005,
        0.0007251016600000005,
        0.0007923516600000006,
        0.0005832686600000005,
        0.0007253516600000008,
        0.0007507266600000006,
        0.001622393660000001,
        0.001225601660000001,
        0.0006680596600000008,
        0.0007676016600000005,
        0.0007591846600000008,
        0.0019681016600000003,
        0.001037351660000001,
        0.0007933936600000007,
        0.0006640596600000007,
        0.0008038516600000008,
        0.0006173096600000007,
        0.0006984766600000008,
        0.0006813516600000006,
        0.0008426016600000005,
        0.0006231436600000004,
        0.0006078096600000008,
        0.0007205596600000008,
        0.0007448516600000008,
        0.0007610186600000004,
        0.0006664346600000004,
        0.0007818096600000005,
        0.0007666426600000005,
        0.0018136846600000007,
        0.0010930596600000008,
        0.0007825606600000007,
        0.0007714356600000008,
        0.0007004766600000006,
        0.0006653936600000006,
        0.0006256436600000008,
        0.0007163516600000005,
        0.0006827686600000007,
        0.0008645186600000007,
        0.0006632266600000007,
        0.0007844346600000005,
        0.0007114766600000008,
        0.0008956016600000006,
        0.0015145176600000003,
        0.0013822676600000008,
        0.0010315606600000003,
        0.0008194766600000008,
        0.0013158096600000006,
        0.0009518926600000006,
        0.0007908936600000008,
        0.0008575596600000008,
        0.001903726660000001,
        0.0008629346600000005,
        0.0007595176600000008,
        0.0008934766600000007,
        0.0045228516600000004,
        0.0009378096600000008,
        0.0007311436600000005,
        0.001588434660000001,
        0.0005527266600000007,
        0.0006056846600000008,
        0.0006953516600000007,
        0.0009444766600000009,
        0.0006534346600000004,
        0.0008523926600000008,
        0.0008738106600000004,
        0.0007551846600000007,
        0.0006566846600000007,
        0.0008061016600000004,
        0.0011328516600000002
      ],
      "exit_codes": [
        0,
        0,
        0,
        0,
        0,
        0,
        0,
        0,
        0,
        0,
        0,
        0,
        0,
        0,
        0,
        0,
        0,
        0,
        0,
        0,
        0,
        0,
        0,
        0,
        0,
        0,
        0,
        0,
        0,
        0,
        0,
        0,
        0,
        0,
        0,
        0,
        0,
        0,
        0,
        0,
        0,
        0,
        0,
        0,
        0,
        0,
        0,
        0,
        0,
        0,
        0,
        0,
        0,
        0,
        0,
        0,
        0,
        0,
        0,
        0,
        0,
        0,
        0,
        0,
        0,
        0,
        0,
        0,
        0,
        0,
        0,
        0,
        0,
        0,
        0,
        0,
        0,
        0,
        0,
        0,
        0,
        0,
        0,
        0,
        0,
        0,
        0,
        0,
        0,
        0,
        0,
        0,
        0,
        0,
        0,
        0,
        0,
        0,
        0,
        0
      ]
    }
  ]
}
