{
  "results": [
    {
      "command": "mojo run benchmarks/fibonacci_sequence/mojo_iteration.mojo",
      "mean": 0.043852711190000004,
      "stddev": 0.0013534902003465067,
      "median": 0.04358179998,
      "user": 0.03815600000000001,
      "system": 0.010407290000000005,
      "min": 0.042033570480000004,
      "max": 0.04935732048,
      "times": [
        0.04378886248,
        0.042711528480000004,
        0.043598737480000004,
        0.043245237480000004,
        0.04335607048,
        0.047578112480000004,
        0.043704946480000006,
        0.04935732048,
        0.04819240348000001,
        0.043918654480000006,
        0.04311615448,
        0.04614294548,
        0.04463436248,
        0.04717127848,
        0.043618862480000006,
        0.04314136248,
        0.042907279480000005,
        0.04490611248,
        0.043321904480000006,
        0.04418723748,
        0.04258165448,
        0.04346915448,
        0.043442278480000006,
        0.043610654480000004,
        0.043155446480000005,
        0.043770654480000004,
        0.044061362480000005,
        0.044179362480000005,
        0.04346494648,
        0.046818904480000006,
        0.048797737480000006,
        0.04366682048000001,
        0.04229482048,
        0.04416519548,
        0.042845029480000005,
        0.043845028480000006,
        0.04287940348,
        0.04311302948,
        0.044115821480000005,
        0.04468232048,
        0.04291186248000001,
        0.04486307148,
        0.043858279480000005,
        0.04287365348,
        0.04256915448,
        0.04517723748000001,
        0.04374823748,
        0.043174653480000005,
        0.043416654480000004,
        0.04497107048000001,
        0.042693570480000005,
        0.04459177948,
        0.04341440348,
        0.044192529480000006,
        0.04311352848,
        0.04273202848,
        0.04299736248,
        0.043409904480000004,
        0.044722195480000004,
        0.04347198748,
        0.04356486248,
        0.043647404480000006,
        0.043941070480000004,
        0.04354773748,
        0.04417098748000001,
        0.042033570480000004,
        0.04516961248,
        0.044125404480000005,
        0.04319340348,
        0.04244727948,
        0.04372561248,
        0.042745904480000006,
        0.04215686248,
        0.044315528480000005,
        0.04209490348,
        0.044414112480000004,
        0.043670028480000005,
        0.042166529480000006,
        0.04535269548,
        0.042924112480000005,
        0.045043528480000004,
        0.04394136248,
        0.04297282048000001,
        0.04538519648,
        0.043189987480000004,
        0.04302052948000001,
        0.04255423748000001,
        0.043842945480000006,
        0.04281269548,
        0.04294011248,
        0.04203419548,
        0.04427957048,
        0.04324765448,
        0.044526070480000006,
        0.04351065448,
        0.04251869548,
        0.04364282148,
        0.04318640448,
        0.04537527948,
        0.04337657048
      ],
      "exit_codes": [
        0,
        0,
        0,
        0,
        0,
        0,
        0,
        0,
        0,
        0,
        0,
        0,
        0,
        0,
        0,
        0,
        0,
        0,
        0,
        0,
        0,
        0,
        0,
        0,
        0,
        0,
        0,
        0,
        0,
        0,
        0,
        0,
        0,
        0,
        0,
        0,
        0,
        0,
        0,
        0,
        0,
        0,
        0,
        0,
        0,
        0,
        0,
        0,
        0,
        0,
        0,
        0,
        0,
        0,
        0,
        0,
        0,
        0,
        0,
        0,
        0,
        0,
        0,
        0,
        0,
        0,
        0,
        0,
        0,
        0,
        0,
        0,
        0,
        0,
        0,
        0,
        0,
        0,
        0,
        0,
        0,
        0,
        0,
        0,
        0,
        0,
        0,
        0,
        0,
        0,
        0,
        0,
        0,
        0,
        0,
        0,
        0,
        0,
        0,
        0
      ]
    }
  ]
}
