{
  "results": [
    {
      "command": "python3 benchmarks/fibonacci_sequence/__pycache__/python_iteration.cpython-311.pyc",
      "mean": 0.01658462749,
      "stddev": 0.00076152595796019,
      "median": 0.01643396112,
      "user": 0.01145178,
      "system": 0.00381327,
      "min": 0.015591961120000001,
      "max": 0.02095316912,
      "times": [
        0.01726950312,
        0.01600041912,
        0.01590862812,
        0.01666896112,
        0.01651837712,
        0.01580287812,
        0.01586825212,
        0.01726600312,
        0.01598662712,
        0.01673058612,
        0.01622766912,
        0.01724008612,
        0.01608171012,
        0.01733879412,
        0.01594462812,
        0.01588254412,
        0.01653258612,
        0.01846100212,
        0.01595850312,
        0.01634675212,
        0.01679021012,
        0.01758641912,
        0.01701462712,
        0.01614629412,
        0.01615225212,
        0.01710108612,
        0.01681371012,
        0.01621587712,
        0.01667066912,
        0.01621587812,
        0.01560083612,
        0.01581796112,
        0.01688483612,
        0.01584766912,
        0.01666837712,
        0.01608821112,
        0.01668629412,
        0.01661679412,
        0.01582600312,
        0.01632591912,
        0.01663450212,
        0.01610454412,
        0.01758291912,
        0.01747787712,
        0.01604575212,
        0.01680500212,
        0.01682375212,
        0.01596696112,
        0.01673721012,
        0.01607816912,
        0.015804461120000002,
        0.01645108612,
        0.01626021012,
        0.01655012712,
        0.01605396012,
        0.01714441912,
        0.01641683612,
        0.01714171112,
        0.01681375312,
        0.01606271112,
        0.01608566912,
        0.01725875312,
        0.01587391912,
        0.01613575212,
        0.01686396012,
        0.01649121112,
        0.01605904412,
        0.015591961120000001,
        0.01721716912,
        0.01612841912,
        0.01600654412,
        0.01640837712,
        0.01733004412,
        0.01712441912,
        0.01712250212,
        0.01589837812,
        0.01588125212,
        0.01664654412,
        0.017017294120000002,
        0.02095316912,
        0.018532002120000002,
        0.01820291912,
        0.01731225212,
        0.01623146112,
        0.017397627120000002,
        0.016413669120000002,
        0.01603854412,
        0.01598629412,
        0.01674783612,
        0.01672450312,
        0.01649987812,
        0.01614054412,
        0.01577662812,
        0.01715637712,
        0.01770287812,
        0.01632308512,
        0.01713041912,
        0.01618908612,
        0.01609175312,
        0.015710210120000002
      ],
      "exit_codes": [
        0,
        0,
        0,
        0,
        0,
        0,
        0,
        0,
        0,
        0,
        0,
        0,
        0,
        0,
        0,
        0,
        0,
        0,
        0,
        0,
        0,
        0,
        0,
        0,
        0,
        0,
        0,
        0,
        0,
        0,
        0,
        0,
        0,
        0,
        0,
        0,
        0,
        0,
        0,
        0,
        0,
        0,
        0,
        0,
        0,
        0,
        0,
        0,
        0,
        0,
        0,
        0,
        0,
        0,
        0,
        0,
        0,
        0,
        0,
        0,
        0,
        0,
        0,
        0,
        0,
        0,
        0,
        0,
        0,
        0,
        0,
        0,
        0,
        0,
        0,
        0,
        0,
        0,
        0,
        0,
        0,
        0,
        0,
        0,
        0,
        0,
        0,
        0,
        0,
        0,
        0,
        0,
        0,
        0,
        0,
        0,
        0,
        0,
        0,
        0
      ]
    }
  ]
}
