{
  "results": [
    {
      "command": "python3 benchmarks/fibonacci_sequence/python_iteration.py",
      "mean": 0.016374718389999997,
      "stddev": 0.0009040021051096842,
      "median": 0.01620002902,
      "user": 0.01148351,
      "system": 0.00368001,
      "min": 0.015361007520000003,
      "max": 0.02286325752,
      "times": [
        0.01638563252,
        0.015995632520000004,
        0.015757632520000002,
        0.016140882520000004,
        0.016260465520000003,
        0.015737090520000004,
        0.01544242352,
        0.01760625752,
        0.01944117352,
        0.017427799520000002,
        0.01652117452,
        0.016240548520000002,
        0.01712059052,
        0.016270840520000003,
        0.01599063252,
        0.01602359052,
        0.015662715520000002,
        0.016556924520000002,
        0.01744571652,
        0.016039674519999998,
        0.016698757520000003,
        0.01598900752,
        0.016247715520000004,
        0.01586588252,
        0.017159840520000004,
        0.01724146652,
        0.02286325752,
        0.016568591520000002,
        0.01728804952,
        0.016210841519999998,
        0.016765882520000004,
        0.016270757519999998,
        0.01634767452,
        0.016520591520000003,
        0.017167132520000003,
        0.01612004952,
        0.015747174520000004,
        0.01665792452,
        0.015942215520000004,
        0.01560071552,
        0.01815425752,
        0.01607675752,
        0.015901007520000003,
        0.01682079952,
        0.015766132520000004,
        0.015729507519999998,
        0.01657488252,
        0.01603025752,
        0.01561600752,
        0.016363382520000004,
        0.017200007519999998,
        0.01574400752,
        0.015361007520000003,
        0.016287632519999998,
        0.016181799519999998,
        0.01629717452,
        0.015940632519999998,
        0.015590674520000002,
        0.016480924520000002,
        0.016279840519999998,
        0.01679171652,
        0.01589879952,
        0.01666721552,
        0.01611742452,
        0.01565634052,
        0.01594517452,
        0.016871424520000004,
        0.01681375752,
        0.015916257519999998,
        0.01581663252,
        0.01556729852,
        0.01618921652,
        0.015857423520000004,
        0.015736799520000004,
        0.016262757520000004,
        0.01607254952,
        0.015900757520000003,
        0.015857674520000004,
        0.01672634052,
        0.01630904952,
        0.016287673520000004,
        0.01569492352,
        0.016411965520000002,
        0.01592234052,
        0.017186257519999998,
        0.01601079852,
        0.016059715520000004,
        0.01609542452,
        0.015660632520000002,
        0.015833841520000003,
        0.01710521552,
        0.016799382520000003,
        0.01591492352,
        0.01660496652,
        0.015969716520000003,
        0.015617924520000001,
        0.01625325752,
        0.016894216519999998,
        0.016619132520000003,
        0.01581729952
      ],
      "exit_codes": [
        0,
        0,
        0,
        0,
        0,
        0,
        0,
        0,
        0,
        0,
        0,
        0,
        0,
        0,
        0,
        0,
        0,
        0,
        0,
        0,
        0,
        0,
        0,
        0,
        0,
        0,
        0,
        0,
        0,
        0,
        0,
        0,
        0,
        0,
        0,
        0,
        0,
        0,
        0,
        0,
        0,
        0,
        0,
        0,
        0,
        0,
        0,
        0,
        0,
        0,
        0,
        0,
        0,
        0,
        0,
        0,
        0,
        0,
        0,
        0,
        0,
        0,
        0,
        0,
        0,
        0,
        0,
        0,
        0,
        0,
        0,
        0,
        0,
        0,
        0,
        0,
        0,
        0,
        0,
        0,
        0,
        0,
        0,
        0,
        0,
        0,
        0,
        0,
        0,
        0,
        0,
        0,
        0,
        0,
        0,
        0,
        0,
        0,
        0,
        0
      ]
    }
  ]
}
