{
  "results": [
    {
      "command": "./benchmarks/fibonacci_sequence/rust_iteration",
      "mean": 0.0008488633299999992,
      "stddev": 0.00028321396826236643,
      "median": 0.0007720548799999994,
      "user": 0.00037177,
      "system": 0.00026143000000000005,
      "min": 0.0005258883799999993,
      "max": 0.0026073473799999992,
      "times": [
        0.0009445543799999991,
        0.0009728883799999997,
        0.0008019713799999996,
        0.0007467213799999995,
        0.0011288043799999995,
        0.001179971379999999,
        0.0007761793799999995,
        0.0008285553799999993,
        0.0007441793799999995,
        0.0007212213799999995,
        0.0008454303799999997,
        0.0012176803799999994,
        0.0009121793799999997,
        0.0012753043799999995,
        0.0009205553799999998,
        0.00179405538,
        0.0009493883799999996,
        0.0008373473799999994,
        0.0007579713799999994,
        0.0007837213799999996,
        0.0007156793799999992,
        0.0010866383799999998,
        0.0009542213799999997,
        0.0006953883799999993,
        0.0005860543799999993,
        0.0008868043799999995,
        0.0006721383799999994,
        0.0007689303799999995,
        0.0007243053799999995,
        0.0012613883799999994,
        0.0010590963799999996,
        0.0009595133799999993,
        0.0006982633799999995,
        0.0007390963799999996,
        0.0007238883799999996,
        0.0007069713799999996,
        0.0006805553799999996,
        0.0005862633799999994,
        0.0006910963799999993,
        0.0008434713799999995,
        0.0008163043799999993,
        0.0006311803799999996,
        0.0006987633799999996,
        0.0008842213799999995,
        0.0006854303799999992,
        0.0008073883799999994,
        0.0010563053799999994,
        0.0007908883799999994,
        0.0015007213799999998,
        0.0010188883799999997,
        0.0009678883799999999,
        0.0007751793799999993,
        0.0009640963799999991,
        0.0008626793799999997,
        0.0007004713799999996,
        0.0008693883799999994,
        0.0006044713799999994,
        0.0006503883799999994,
        0.0007111383799999994,
        0.0007066803799999992,
        0.0010455973799999995,
        0.0009974303799999995,
        0.0009138883799999996,
        0.0006684293799999992,
        0.0008505553799999996,
        0.0009431803799999998,
        0.0009817223799999998,
        0.0006790973799999994,
        0.0007084723799999993,
        0.0006879293799999992,
        0.0007109303799999996,
        0.0007265553799999996,
        0.0006149293799999995,
        0.0006684713799999993,
        0.0010074293799999996,
        0.0008624713799999994,
        0.0006719723799999996,
        0.0006602213799999992,
        0.0006559723799999992,
        0.0007403463799999996,
        0.0006953883799999993,
        0.0006770133799999995,
        0.0007185133799999994,
        0.0011059713799999996,
        0.0009183473799999997,
        0.0006116803799999996,
        0.0006705973799999996,
        0.0008359303799999993,
        0.0026073473799999992,
        0.0005258883799999993,
        0.0005676383799999994,
        0.0006108053799999996,
        0.0006204713799999994,
        0.0005770543799999994,
        0.0006127633799999995,
        0.0005757223799999992,
        0.0005907633799999996,
        0.0014936803799999996,
        0.0013298883799999993,
        0.0008643463799999996
      ],
      "exit_codes": [
        0,
        0,
        0,
        0,
        0,
        0,
        0,
        0,
        0,
        0,
        0,
        0,
        0,
        0,
        0,
        0,
        0,
        0,
        0,
        0,
        0,
        0,
        0,
        0,
        0,
        0,
        0,
        0,
        0,
        0,
        0,
        0,
        0,
        0,
        0,
        0,
        0,
        0,
        0,
        0,
        0,
        0,
        0,
        0,
        0,
        0,
        0,
        0,
        0,
        0,
        0,
        0,
        0,
        0,
        0,
        0,
        0,
        0,
        0,
        0,
        0,
        0,
        0,
        0,
        0,
        0,
        0,
        0,
        0,
        0,
        0,
        0,
        0,
        0,
        0,
        0,
        0,
        0,
        0,
        0,
        0,
        0,
        0,
        0,
        0,
        0,
        0,
        0,
        0,
        0,
        0,
        0,
        0,
        0,
        0,
        0,
        0,
        0,
        0,
        0
      ]
    }
  ]
}
