{
    "results": [
        {
            "command": "python3 benchmarks/multibrot_set/__pycache__/multibrot.cpython-311.pyc",
            "mean": 5.44415535174,
            "stddev": 0.02305974033597527,
            "median": 5.445413801839999,
            "user": 5.419790099999999,
            "system": 0.018131340000000003,
            "min": 5.40815534334,
            "max": 5.490548427339999,
            "times": [
                5.40815534334,
                5.4272265513399995,
                5.490548427339999,
                5.42122767634,
                5.446554885339999,
                5.43601630134,
                5.46021605234,
                5.4563370103399995,
                5.44427271834,
                5.45099855134
            ],
            "exit_codes": [
                0,
                0,
                0,
                0,
                0,
                0,
                0,
                0,
                0,
                0
            ]
        },
        {
            "command": "./benchmarks/multibrot_set/multibrot_mojo_parallelize",
            "mean": 0.0071393926600000004,
            "stddev": 0.000596373347825188,
            "median": 0.00717595916,
            "user": 0.036535200000000004,
            "system": 0.006670119999999999,
            "min": 0.0062225636599999995,
            "max": 0.00826972966,
            "times": [
                0.00666552166,
                0.00710289666,
                0.00676443866,
                0.0062225636599999995,
                0.007547188660000001,
                0.007657730660000001,
                0.00724902166,
                0.0066388136599999995,
                0.00727602166,
                0.00826972966
            ],
            "exit_codes": [
                0,
                0,
                0,
                0,
                0,
                0,
                0,
                0,
                0,
                0
            ]
        },
        {
            "command": "./benchmarks/multibrot_set/multibrot_codon",
            "mean": 0.04418472508000001,
            "stddev": 0.0011420256613068672,
            "median": 0.043923746080000006,
            "user": 0.24877392,
            "system": 0.07293534,
            "min": 0.042963808580000006,
            "max": 0.046456224580000004,
            "times": [
                0.04555430858,
                0.04431464158,
                0.04324114158,
                0.046456224580000004,
                0.042963808580000006,
                0.043096391580000004,
                0.044882183580000005,
                0.04383330858,
                0.044014183580000005,
                0.043491058580000005
            ],
            "exit_codes": [
                0,
                0,
                0,
                0,
                0,
                0,
                0,
                0,
                0,
                0
            ]
        },
        {
            "command": "./benchmarks/multibrot_set/multibrot",
            "mean": 0.13588048918,
            "stddev": 0.0011754264645793926,
            "median": 0.13572819318,
            "user": 0.13330926,
            "system": 0.00170012,
            "min": 0.13463990168,
            "max": 0.13762135968,
            "times": [
                0.13487956868,
                0.13516148468,
                0.13629490168,
                0.13736806868,
                0.13762135968,
                0.13645335968,
                0.13471773468,
                0.13690127668,
                0.13463990168,
                0.13476723567999999
            ],
            "exit_codes": [
                0,
                0,
                0,
                0,
                0,
                0,
                0,
                0,
                0,
                0
            ]
        }
    ]
}