{
  "results": [
    {
      "command": "./benchmarks/multibrot_set/multibrot",
      "mean": 0.13588048918,
      "stddev": 0.0011754264645793926,
      "median": 0.13572819318,
      "user": 0.13330926,
      "system": 0.00170012,
      "min": 0.13463990168,
      "max": 0.13762135968,
      "times": [
        0.13487956868,
        0.13516148468,
        0.13629490168,
        0.13736806868,
        0.13762135968,
        0.13645335968,
        0.13471773468,
        0.13690127668,
        0.13463990168,
        0.13476723567999999
      ],
      "exit_codes": [
        0,
        0,
        0,
        0,
        0,
        0,
        0,
        0,
        0,
        0
      ]
    }
  ]
}
