{
  "results": [
    {
      "command": "./benchmarks/multibrot_set/multibrot_codon",
      "mean": 0.04418472508000001,
      "stddev": 0.0011420256613068672,
      "median": 0.043923746080000006,
      "user": 0.24877392,
      "system": 0.07293534,
      "min": 0.042963808580000006,
      "max": 0.046456224580000004,
      "times": [
        0.04555430858,
        0.04431464158,
        0.04324114158,
        0.046456224580000004,
        0.042963808580000006,
        0.043096391580000004,
        0.044882183580000005,
        0.04383330858,
        0.044014183580000005,
        0.043491058580000005
      ],
      "exit_codes": [
        0,
        0,
        0,
        0,
        0,
        0,
        0,
        0,
        0,
        0
      ]
    }
  ]
}
