{
  "results": [
    {
      "command": "python3 benchmarks/multibrot_set/__pycache__/multibrot.cpython-311.pyc",
      "mean": 5.44415535174,
      "stddev": 0.02305974033597527,
      "median": 5.445413801839999,
      "user": 5.419790099999999,
      "system": 0.018131340000000003,
      "min": 5.40815534334,
      "max": 5.490548427339999,
      "times": [
        5.40815534334,
        5.4272265513399995,
        5.490548427339999,
        5.42122767634,
        5.446554885339999,
        5.43601630134,
        5.46021605234,
        5.4563370103399995,
        5.44427271834,
        5.45099855134
      ],
      "exit_codes": [
        0,
        0,
        0,
        0,
        0,
        0,
        0,
        0,
        0,
        0
      ]
    }
  ]
}
