{
  "results": [
    {
      "command": "./benchmarks/multibrot_set/multibrot_mojo_parallelize",
      "mean": 0.0071393926600000004,
      "stddev": 0.000596373347825188,
      "median": 0.00717595916,
      "user": 0.036535200000000004,
      "system": 0.006670119999999999,
      "min": 0.0062225636599999995,
      "max": 0.00826972966,
      "times": [
        0.00666552166,
        0.00710289666,
        0.00676443866,
        0.0062225636599999995,
        0.007547188660000001,
        0.007657730660000001,
        0.00724902166,
        0.0066388136599999995,
        0.00727602166,
        0.00826972966
      ],
      "exit_codes": [
        0,
        0,
        0,
        0,
        0,
        0,
        0,
        0,
        0,
        0
      ]
    }
  ]
}
